{"-1,-10000": [1.996252940662022, -0.0005748716247173983, 1.9995579838684718, -1.0597632792783348e-08], "-1,-10001": [1.999115967736944, -5.266816615945302e-06, 1.998390396753625, -1.0], "-1,-10010": [1.999115967768811, -0.002220786199297811, -0.999999985651093, -0.012662286022889243], "-1,-10011": [1.9992449029551875, 0.0, 0.0, 0.0], "-1,-10100": [1.9982319355880516, -1.0, 1.9964638711761034, -0.0005497063770810688], "-1,-10101": [1.7941176470588602, -0.9997813, 1.9990107594968065, -0.973], "-1,-10110": [1.9999761848336264, -0.7, 0.0, -2.5986921831408936e-12], "-1,-10111": [1.9999999999998301, 0.0, 0.0, 0.0], "-1,-11000": [-0.9999940950999999, -3.6638750020578925e-06, 1.9964638711758687, -0.01500978812422805], "-1,-11001": [-0.9919, -2.220446049250315e-16, 1.9999976365438765, 0.0], "-1,-11010": [-0.7, -8.466943926380817e-12, -0.9099999999999999, -0.4846100000000096], "-1,-11011": [-0.7, 0.0, 0.0, 0.0], "-1,-11100": [-0.7, -0.7, 1.9953676468633743, 0.0], "-1,-11101": [-0.7, -0.7, 0.0, 0.0], "-1,-11110": [0.0, 0.0, 0.0, 0.0], "-1,-11111": [0.0, 0.0, 0.0, 0.0], "-1,00000": [1.9994390575223595, -1.012867646474033, -2.215050365350635e-16, -2.220446039692021e-16], "-1,00001": [1.5882694498682004, -1.0031700651526425, -3.1268406932516925e-05, -0.99999822853], "-1,00010": [1.5882694498682004, -1.0019846011708242, -0.9999940950999999, -0.0057076963997462205], "-1,00011": [1.7128105226154027, 0.0, 0.0, 0.0], "-1,00100": [1.1765388997364012, -1.0, -0.016656779875326544, -0.0017993449324773397], "-1,00101": [1.8752542592863801, 0.0, 0.0, -0.7], "-1,00110": [1.588235351768721, -0.7, -0.7, -0.0039376307327127925], "-1,00111": [0.0, 0.0, 0.0, -0.7], "-1,01000": [-0.7, -1.0, -1.000054922672714, -0.02573529408471497], "-1,01001": [-0.7, 0.0, 0.0, 0.0], "-1,01010": [-0.7, 0.0, 0.0, 0.0], "-1,01011": [0.0, 0.0, 0.0, 0.0], "-1,01100": [0.0, 0.0, 0.0, 0.0], "-1,01101": [-0.7, 0.0, 0.0, 0.0], "-1,01110": [0.0, 0.0, 0.0, 0.0], "-1,01111": [0.0, 0.0, 0.0, 0.0], "-1,10000": [1.99999999704991, -0.006433840283482705, -9.346061597803629e-08, 1.898726454335889], "-1,10001": [1.966686440249347, -0.0018864799297349656, -0.04096237612430635, -0.99999822853], "-1,10010": [1.9999999951323746, -0.006434011187921373, -1.0, 1.9999999209743378], "-1,10011": [1.9975141035545252, 0.0, 0.0, 0.0], "-1,10100": [1.9333728804986936, -1.0, -0.0016084558948532206, 1.7941347249341], "-1,10101": [1.9485294353837974, -0.9099999999999999, 0.0, -0.9099999999999999], "-1,10110": [1.7941179199973702, -0.999271, -0.9975700000000001, 1.9475613984247242], "-1,10111": [1.9999462756173718, 0.0, 0.0, 0.0], "-1,11000": [-0.9999999956953279, -2.220446382576606e-16, -0.10281074396361319, 1.9485295267042606], "-1,11001": [-0.9099999999999999, -0.03136530982368853, -0.35540982975697055, -0.7], "-1,11010": [-0.7, -0.01831681573242594, -0.7, 1.8471553855321958], "-1,11011": [-0.7, 0.0, 0.0, 0.0], "-1,11100": [-0.7, -0.9099999999999999, -2.0206059048177847e-16, 1.9482882147031364], "-1,11101": [-0.7, -0.7, 0.0, 0.0], "-1,11110": [-0.7, -0.7, -0.7, 0.0], "-1,11111": [0.0, 0.0, 0.0, 0.0], "0,-10000": [-6.443975156806594e-08, -2.2204448692142443e-16, 1.588235294118769, -0.9999990517467479], "0,-10001": [-0.01031642057218696, -0.0017680687880999605, 1.1766395149626425, -1.0], "0,-10010": [-1.0, -1.0006754011321612, -0.99999995217031, -1.000172315288915], "0,-10011": [-0.28718883028318554, 0.0, 0.0, 0.0], "0,-10100": [-0.08440960112449195, -0.99999995217031, 1.5883541164407546, -1.0], "0,-10101": [-2.2207697710931284e-16, -0.7, 1.681244070965443, -0.7], "0,-10110": [-5.038370419398586e-05, -0.7, -0.7, 0.0], "0,-10111": [0.0, 0.0, 0.0, 0.0], "0,-11000": [-0.99999995217031, -0.025730025239802057, 1.5883197574812888, -1.000745656439986], "0,-11001": [-0.973, -0.022725323827774035, 1.5887502361304005, -0.9099999999999999], "0,-11010": [-0.7, 0.0, 0.0, 0.0], "0,-11011": [0.0, 0.0, 0.0, 0.0], "0,-11100": [-0.7, -0.9099999999999999, 1.5882352941176472, 0.0], "0,-11101": [-0.7, 0.0, 0.0, 0.0], "0,-11110": [0.0, 0.0, 0.0, 0.0], "0,-11111": [0.0, 0.0, 0.0, 0.0], "0,00000": [0.0, 0.0, 0.0, 0.0], "0,00001": [0.0, 0.0, 0.0, 0.0], "0,00010": [0.0, 0.0, 0.0, 0.0], "0,00011": [0.0, 0.0, 0.0, 0.0], "0,00100": [0.0, 0.0, 0.0, 0.0], "0,00101": [0.0, 0.0, 0.0, 0.0], "0,00110": [0.0, 0.0, 0.0, 0.0], "0,00111": [0.0, 0.0, 0.0, 0.0], "0,01000": [0.0, 0.0, 0.0, 0.0], "0,01001": [0.0, 0.0, 0.0, 0.0], "0,01010": [0.0, 0.0, 0.0, 0.0], "0,01011": [0.0, 0.0, 0.0, 0.0], "0,01100": [0.0, 0.0, 0.0, 0.0], "0,01101": [0.0, 0.0, 0.0, 0.0], "0,01110": [0.0, 0.0, 0.0, 0.0], "0,01111": [0.0, 0.0, 0.0, 0.0], "0,10000": [-2.220453306669162e-16, -1.2388972985625527e-09, -1.0000000002383844, 1.5882383276491239], "0,10001": [-0.025735588345165317, -1.0112386501343038, -1.1327627500000002, -0.999980317], "0,10010": [-0.025706957010362498, -0.0064338342287649855, -1.0, 1.1764707105204393], "0,10011": [-0.36358471612651466, 0.0, 0.0, 0.0], "0,10100": [-0.00039701599089304624, -0.9999999987085983, -1.474214399307139, 1.594098674118531], "0,10101": [-0.0004957957883677838, -0.7, -1.0077461280459392, 0.0], "0,10110": [-2.2204460492517774e-16, -0.9099999999999999, -0.9975700000000001, 1.4840899206176879], "0,10111": [0.0, 0.0, 0.0, 0.0], "0,11000": [-0.9999999999895397, -0.025735059311984342, -1.0, 1.9999995760720402], "0,11001": [-0.9099999999999999, -0.9919, -0.9999940950999999, -0.7], "0,11010": [-0.973, -0.0010099300475192616, -0.9975700000000001, 1.5966897530917006], "0,11011": [0.0, 0.0, 0.0, 0.0], "0,11100": [-0.7, -0.9099999999999999, -0.9975700000000001, 1.5882352941176872], "0,11101": [-0.7, 0.0, 0.0, 0.0], "0,11110": [0.0, -0.7, 0.0, 0.0], "0,11111": [0.0, 0.0, 0.0, 0.0], "1,-10000": [-2.2458027270084314e-16, 1.945231760532729, 1.9999979477137424, -1.1417603177483625e-05], "1,-10001": [-0.002461682914620869, 1.7943751180639587, 1.958734317711246, -1.0], "1,-10010": [-4.6799128184315766e-05, 1.9999991521440805, -0.999980317, -0.0026636637061975277], "1,-10011": [-0.10294117647058332, 1.5882352957502843, 0.0, 0.0], "1,-10100": [-0.006195079906189399, -0.999980317, 1.9793671588556232, -0.11733723720243014], "1,-10101": [-0.00012273295554176376, -0.7, 1.9999999747859416, -0.973], "1,-10110": [-0.3845848490997609, -0.9099999999999999, -0.9099999999999999, -0.9997813002600299], "1,-10111": [-2.220446049250313e-16, 0.0, 0.0, 0.0], "1,-11000": [-1.0, 1.999998304288161, 1.999996622359586, -4.121881931408406e-05], "1,-11001": [-0.9997813, 1.986328252259445, 1.7941597706533816, -0.9919], "1,-11010": [-0.9919, 1.4256331139897345, 0.0, 0.0], "1,-11011": [0.0, 0.0, 0.0, 0.0], "1,-11100": [-0.7, -0.7, 1.960272649751218, 0.0], "1,-11101": [-0.7, 0.0, 0.0, 0.0], "1,-11110": [0.0, 0.0, 0.0, 0.0], "1,-11111": [0.0, 0.0, 0.0, 0.0], "1,00000": [-1.0, 1.5882362148130351, -2.220446049250313e-16, -0.030111649677146232], "1,00001": [-1.0121388298334208, 1.7043922539075578, -0.051444964020010954, -0.99993439], "1,00010": [-1.011708356403565, 1.5884438977922621, -0.9999940950999999, -0.009571637811886378], "1,00011": [0.0, 0.0, 0.0, -0.7], "1,00100": [-1.011708356403565, -0.9975700000000001, -0.024277666121385506, -1.192199725450053], "1,00101": [-1.0063593462538463, -0.7, -0.006432504310068809, 0.0], "1,00110": [-1.302, 0.0, -0.7, 0.0], "1,00111": [0.0, 0.0, 0.0, 0.0], "1,01000": [-1.0, 1.1768877955845247, -0.00039466621897598416, -0.001962576760675012], "1,01001": [-0.7, 1.5882541196867581, 0.0, -0.7], "1,01010": [-0.9919, 1.5883191385666549, 0.0, 0.0], "1,01011": [0.0, 0.0, 0.0, 0.0], "1,01100": [0.0, 0.0, 0.0, 0.0], "1,01101": [0.0, 0.0, 0.0, 0.0], "1,01110": [0.0, 0.0, 0.0, 0.0], "1,01111": [0.0, 0.0, 0.0, 0.0], "1,10000": [-0.006456825115339848, 1.9991954638038005, -0.02761096244657492, 1.794117647059149], "1,10001": [-1.0001237747951572, 1.9991954638323666, -1.1928232171992346e-09, -0.99999822853], "1,10010": [-0.002786913217282103, 1.9871329145132575, -1.0, 1.9935664350092603], "1,10011": [-0.973, 1.9486347760042673, 0.0, 0.0],